DATE,OPEN,HIGH,LOW,CLOSE
2023-03-14,26.85,27.24,22.27,23.73
2023-03-15,23.21,29.91,23.19,26.14
2023-03-16,26.19,27.49,22.97,22.99
2023-03-17,22.92,26.14,22.58,25.51
2023-03-20,27.77,28.91,24.0,24.15
2023-03-21,24.16,24.16,21.29,21.38
2023-03-22,21.8,22.38,19.94,22.26
2023-03-23,21.54,24.91,20.16,22.61
2023-03-24,22.11,25.21,21.6,21.74
2023-03-27,22.05,22.93,20.57,20.6
2023-03-28,20.53,21.4,19.91,19.97
2023-03-29,19.39,19.45,19.09,19.12
2023-03-30,19.12,20.08,18.85,19.02
2023-03-31,19.21,19.43,18.52,18.7
2023-04-03,19.79,19.83,18.54,18.55
2023-04-04,18.79,20.03,18.58,19.0
2023-04-05,19.42,20.08,19.0,19.08
2023-04-06,19.3,19.88,18.35,18.4
2023-04-10,19.39,20.05,18.93,18.97
2023-04-11,19.08,19.28,18.56,19.1
2023-04-12,19.38,19.98,18.25,19.09
2023-04-13,18.83,19.06,17.77,17.8
2023-04-14,17.94,18.12,17.07,17.07
2023-04-17,17.58,17.79,16.9,16.95
2023-04-18,16.94,17.34,16.58,16.83
2023-04-19,17.3,17.72,16.17,16.46
2023-04-20,16.85,17.69,16.33,17.17
2023-04-21,17.51,17.71,16.58,16.77
2023-04-24,18.22,18.24,16.74,16.89
2023-04-25,17.62,19.86,17.33,18.76
2023-04-26,18.66,19.61,17.87,18.84
2023-04-27,18.43,18.43,16.72,17.03
2023-04-28,17.21,17.65,15.72,15.78
2023-05-01,16.41,16.62,15.53,16.08
2023-05-02,16.27,19.81,16.26,17.78
2023-05-03,17.82,18.83,17.19,18.34
2023-05-04,19.17,21.33,18.67,20.09
2023-05-05,19.5,19.63,16.69,17.19
2023-05-08,17.73,17.88,16.83,16.98
2023-05-09,17.29,17.86,17.22,17.71
2023-05-10,17.58,18.31,16.36,16.94
2023-05-11,16.8,18.19,16.63,16.93
2023-05-12,16.83,17.92,16.38,17.03
2023-05-15,17.44,18.16,17.08,17.12
2023-05-16,17.54,18.3,17.26,17.99
2023-05-17,17.96,18.26,16.68,16.87
2023-05-18,16.92,17.15,16.05,16.05
2023-05-19,16.13,17.36,15.85,16.81
2023-05-22,17.45,18.13,16.82,17.21
2023-05-23,17.35,19.31,17.3,18.53
2023-05-24,18.8,20.81,18.8,20.03
2023-05-25,19.54,19.95,18.7,19.14
2023-05-26,19.07,19.56,17.27,17.95
2023-05-29,17.53,17.6,17.34,17.46
2023-05-30,17.56,18.34,16.98,17.46
2023-05-31,18.04,18.4,17.12,17.94
2023-06-01,17.24,17.59,15.58,15.65
2023-06-02,15.65,15.65,14.42,14.6
2023-06-05,15.28,15.29,14.66,14.73
2023-06-06,14.91,14.97,13.95,13.96
2023-06-07,14.14,14.29,13.77,13.94
2023-06-08,14.14,14.21,13.53,13.65
2023-06-09,13.78,14.14,13.5,13.83
2023-06-12,14.44,15.02,14.32,15.01
2023-06-13,14.99,15.06,14.47,14.61
2023-06-14,14.48,14.73,13.83,13.88
2023-06-15,14.09,14.52,13.79,14.5
2023-06-16,14.49,14.54,13.48,13.54
2023-06-19,14.09,14.19,14.01,14.19
2023-06-20,14.36,14.67,13.86,13.88
2023-06-21,13.88,13.89,13.1,13.2
2023-06-22,13.88,13.98,12.73,12.91
2023-06-23,13.24,13.8,12.88,13.44
2023-06-26,14.43,14.71,13.78,14.25
2023-06-27,14.11,14.34,13.59,13.74
2023-06-28,13.9,13.96,13.36,13.43
2023-06-29,13.64,13.85,13.41,13.54
2023-06-30,13.51,13.59,12.96,13.59
2023-07-03,13.85,13.85,13.47,13.57
2023-07-04,13.54,13.71,13.52,13.7
2023-07-05,14.19,14.74,14.05,14.18
2023-07-06,14.85,17.08,14.79,15.44
2023-07-07,15.97,16.06,14.33,14.83
2023-07-10,16.08,16.21,15.04,15.07
2023-07-11,15.02,15.25,14.63,14.84
2023-07-12,14.82,14.82,13.51,13.54
2023-07-13,13.44,13.61,13.12,13.61
2023-07-14,13.72,13.76,13.22,13.34
2023-07-17,13.78,14.0,13.43,13.48
2023-07-18,13.61,13.67,13.29,13.3
2023-07-19,13.32,13.84,13.12,13.76
2023-07-20,13.96,14.23,13.58,13.99
2023-07-21,13.87,13.89,13.37,13.6
2023-07-24,14.29,14.3,13.73,13.91
2023-07-25,14.02,14.09,13.82,13.86
2023-07-26,13.86,14.16,13.15,13.19
2023-07-27,13.14,15.02,12.74,14.41
2023-07-28,14.03,14.18,13.27,13.33
2023-07-31,13.98,14.09,13.57,13.63
2023-08-01,13.75,14.3,13.75,13.93
2023-08-02,15.7,16.48,14.95,16.09
2023-08-03,16.77,17.42,15.72,15.92
2023-08-04,16.01,17.39,14.57,17.1
2023-08-07,16.9,17.36,15.77,15.77
2023-08-08,16.28,18.14,15.96,15.99
2023-08-09,15.81,16.87,15.38,15.96
2023-08-10,15.58,16.86,14.6,15.85
2023-08-11,15.53,16.51,14.84,14.84
2023-08-14,15.88,16.06,14.77,14.82
2023-08-15,14.95,16.57,14.91,16.46
2023-08-16,16.54,16.93,15.8,16.78
2023-08-17,16.96,18.13,16.4,17.89
2023-08-18,17.8,18.88,17.14,17.3
2023-08-21,18.03,18.11,16.88,17.13
2023-08-22,16.96,17.58,16.61,16.97
2023-08-23,16.64,17.1,15.91,15.98
2023-08-24,15.57,17.32,15.48,17.2
2023-08-25,17.21,17.36,15.45,15.68
2023-08-28,16.24,16.28,15.0,15.08
2023-08-29,15.08,15.3,14.34,14.45
2023-08-30,14.53,14.7,13.83,13.88
2023-08-31,13.98,14.0,13.44,13.57
2023-09-01,13.56,13.56,13.02,13.09
2023-09-04,13.62,13.82,13.51,13.82
2023-09-05,14.15,14.47,13.7,14.01
2023-09-06,14.27,15.3,14.13,14.45
2023-09-07,14.81,15.69,14.4,14.4
2023-09-08,14.22,14.87,13.58,13.84
2023-09-11,14.17,14.33,13.74,13.8
2023-09-12,14.02,14.42,13.71,14.23
2023-09-13,14.42,14.68,13.41,13.48
2023-09-14,13.39,13.46,12.79,12.82
2023-09-15,12.7,14.17,12.68,13.79
2023-09-18,14.4,14.75,13.86,14.0
2023-09-19,14.11,14.88,13.86,14.11
2023-09-20,14.18,15.15,13.57,15.14
2023-09-21,15.49,17.54,15.1,17.54
2023-09-22,17.31,17.41,15.93,17.2
2023-09-25,17.25,18.41,16.79,16.9
2023-09-26,18.03,19.5,17.17,18.94
2023-09-27,18.29,19.71,18.03,18.22
2023-09-28,18.22,18.77,17.06,17.34
2023-09-29,16.87,17.74,15.83,17.52
2023-10-02,17.31,18.55,16.93,17.61
2023-10-03,17.81,20.48,17.52,19.78
2023-10-04,20.72,20.88,18.3,18.58
2023-10-05,18.67,19.58,18.26,18.49
2023-10-06,18.73,19.93,17.19,17.45
2023-10-09,19.54,19.6,17.56,17.7
2023-10-10,17.7,17.86,16.51,17.03
2023-10-11,16.95,17.78,16.09,16.09
2023-10-12,16.08,18.08,15.44,16.69
2023-10-13,16.53,20.78,16.5,19.32
2023-10-16,19.1,19.57,17.14,17.21
2023-10-17,17.41,18.54,16.97,17.88
2023-10-18,18.36,20.15,17.88,19.22
2023-10-19,19.73,21.4,18.55,21.4
2023-10-20,21.59,21.83,20.42,21.71
2023-10-23,21.83,23.08,19.48,20.37
2023-10-24,20.03,20.24,18.65,18.97
2023-10-25,19.39,21.24,18.86,20.19
2023-10-26,21.78,21.96,20.22,20.68
2023-10-27,20.39,22.07,19.72,21.27
2023-10-30,21.13,21.16,19.55,19.75
2023-10-31,19.86,19.86,17.97,18.14
2023-11-01,18.02,18.42,16.63,16.87
2023-11-02,16.59,16.62,15.58,15.66
2023-11-03,15.7,15.83,14.91,14.91
2023-11-06,15.39,15.58,14.84,14.89
2023-11-07,15.1,15.17,14.71,14.81
2023-11-08,14.91,15.09,14.3,14.45
2023-11-09,14.61,15.57,14.13,15.29
2023-11-10,15.09,15.45,14.16,14.17
2023-11-13,15.16,15.19,14.58,14.76
2023-11-14,14.83,14.86,13.91,14.16
2023-11-15,14.21,14.35,13.97,14.18
2023-11-16,14.12,14.42,13.68,14.32
2023-11-17,14.18,14.19,13.67,13.8
2023-11-20,14.26,14.31,13.39,13.41
2023-11-21,13.45,14.31,13.13,13.35
2023-11-22,13.08,13.25,12.82,12.85
2023-11-23,12.84,12.87,12.75,12.8
2023-11-24,13.03,13.17,12.45,12.46
2023-11-27,13.14,13.28,12.64,12.69
2023-11-28,12.78,14.3,12.56,12.69
2023-11-29,12.71,13.1,12.48,12.98
2023-11-30,13.07,13.39,12.82,12.92
2023-12-01,12.94,12.96,12.48,12.63
2023-12-04,13.28,13.7,12.98,13.08
2023-12-05,13.26,13.76,12.81,12.85
2023-12-06,12.78,13.03,12.64,12.97
2023-12-07,13.17,13.28,12.95,13.06
2023-12-08,13.14,13.24,12.35,12.35
2023-12-11,13.05,13.14,12.61,12.63
2023-12-12,12.69,12.74,11.81,12.07
2023-12-13,12.2,12.46,11.82,12.19
2023-12-14,11.96,12.74,11.84,12.48
2023-12-15,12.12,12.54,12.01,12.28
2023-12-18,12.62,12.64,12.4,12.56
2023-12-19,12.6,12.6,12.33,12.53
2023-12-20,12.63,13.93,12.29,13.67
2023-12-21,13.4,14.49,13.34,13.65
2023-12-22,13.72,13.96,13.0,13.03
2023-12-26,13.77,13.8,12.96,12.99
2023-12-27,13.02,13.04,12.37,12.43
2023-12-28,12.44,12.65,12.38,12.47
2023-12-29,12.55,13.19,12.36,12.45
2024-01-02,13.22,14.23,13.1,13.2
2024-01-03,13.35,14.22,13.33,14.04
2024-01-04,13.93,14.2,13.64,14.13
2024-01-05,14.24,14.58,13.29,13.35
2024-01-08,14.0,14.18,13.02,13.08
2024-01-09,13.2,13.45,12.74,12.76
2024-01-10,12.86,12.95,12.67,12.69
2024-01-11,12.64,13.31,12.35,12.44
2024-01-12,12.66,13.08,12.47,12.7
2024-01-15,13.23,13.34,13.2,13.25
2024-01-16,14.12,14.35,13.52,13.84
2024-01-17,14.59,15.4,14.38,14.79
2024-01-18,14.85,14.89,13.89,14.13
2024-01-19,13.8,14.58,13.28,13.3
2024-01-22,13.77,13.84,13.17,13.19
2024-01-23,13.2,13.29,12.53,12.55
2024-01-24,12.66,13.18,12.41,13.14
2024-01-25,13.18,13.58,13.06,13.45
2024-01-26,13.73,14.1,13.2,13.26
2024-01-29,13.98,15.35,13.59,13.6
2024-01-30,13.69,13.74,13.23,13.31
2024-01-31,13.42,14.61,13.18,14.35
2024-02-01,14.21,14.63,13.87,13.88
2024-02-02,13.95,14.23,13.39,13.85
2024-02-05,14.37,14.53,13.58,13.67
2024-02-06,13.57,13.78,12.98,13.06
2024-02-07,13.06,13.13,12.81,12.83
2024-02-08,12.95,13.17,12.74,12.79
2024-02-09,12.79,13.01,12.69,12.93
2024-02-12,13.48,13.94,13.34,13.93
2024-02-13,13.96,17.94,13.43,15.85
2024-02-14,15.38,15.47,14.22,14.38
2024-02-15,14.27,14.64,13.94,14.01
2024-02-16,13.94,14.71,13.75,14.24
2024-02-19,14.72,14.78,14.65,14.71
2024-02-20,15.09,15.91,15.07,15.42
2024-02-21,15.54,16.12,15.22,15.34
2024-02-22,14.28,14.64,14.12,14.54
2024-02-23,14.31,14.31,13.64,13.75
2024-02-26,14.17,14.2,13.66,13.74
2024-02-27,13.63,13.75,13.41,13.43
2024-02-28,13.52,13.9,13.44,13.84
2024-02-29,14.14,14.15,13.3,13.4
2024-03-01,13.34,13.66,13.08,13.11
2024-03-04,13.49,13.58,13.32,13.49
2024-03-05,13.75,15.1,13.75,14.46
2024-03-06,14.27,14.93,13.89,14.5
2024-03-07,14.98,14.98,14.25,14.44
2024-03-08,14.22,15.53,13.97,14.74
2024-03-11,15.51,16.04,15.13,15.22
2024-03-12,14.97,15.2,13.81,13.84
2024-03-13,13.89,14.04,13.67,13.75
2024-03-14,13.62,15.33,13.42,14.4
2024-03-15,14.33,15.53,14.14,14.41
2024-03-18,14.75,14.85,14.26,14.33
2024-03-19,14.5,14.86,13.8,13.82
2024-03-20,13.83,14.17,13.01,13.04
2024-03-21,12.98,13.08,12.4,12.92
2024-03-22,12.92,13.15,12.58,13.06
2024-03-25,13.67,13.67,13.11,13.19
2024-03-26,13.12,13.43,12.84,13.24
2024-03-27,13.13,13.34,12.66,12.78
2024-03-28,12.93,13.1,12.84,13.01
2024-04-01,13.61,14.15,13.55,13.65
2024-04-02,13.74,15.43,13.68,14.61
2024-04-03,15.0,15.18,14.25,14.33
2024-04-04,14.29,16.92,13.74,16.35
2024-04-05,16.45,16.75,15.53,16.03
2024-04-08,16.24,16.5,15.11,15.19
2024-04-09,15.34,16.63,14.94,14.98
2024-04-10,15.24,16.62,14.59,15.8
2024-04-11,16.02,17.61,14.91,14.91
2024-04-12,14.91,19.2,14.91,17.31
2024-04-15,16.94,19.46,16.26,19.23
2024-04-16,19.49,19.56,17.64,18.4
2024-04-17,18.24,19.11,17.54,18.21
2024-04-18,17.91,18.37,17.21,18.0
2024-04-19,21.33,21.36,18.17,18.71
2024-04-22,18.59,18.72,16.69,16.94
2024-04-23,16.72,16.76,15.69,15.69
2024-04-24,15.76,16.38,15.58,15.97
2024-04-25,16.25,17.55,15.27,15.37
2024-04-26,15.49,16.06,14.92,15.03
2024-04-29,15.37,15.42,14.63,14.67
2024-04-30,14.82,15.9,14.67,15.65
2024-05-01,15.75,16.22,14.35,15.39
2024-05-02,15.14,16.09,14.6,14.68
2024-05-03,14.51,14.58,13.48,13.49
2024-05-06,13.98,14.02,13.44,13.49
2024-05-07,13.52,13.64,13.16,13.23
2024-05-08,13.24,13.51,12.94,13.0
2024-05-09,13.08,13.29,12.68,12.69
2024-05-10,12.77,12.96,12.5,12.55
2024-05-13,13.26,13.66,13.25,13.6
2024-05-14,13.71,14.03,13.27,13.42
2024-05-15,13.73,13.94,12.38,12.45
2024-05-16,12.52,12.67,12.33,12.42
2024-05-17,12.28,12.48,11.91,11.99
2024-05-20,12.27,12.59,12.07,12.15
2024-05-21,12.3,12.56,11.84,11.86
2024-05-22,12.05,12.81,11.78,12.29
2024-05-23,11.53,13.37,11.52,12.77
2024-05-24,12.86,12.89,11.89,11.93
2024-05-27,12.41,12.49,12.35,12.36
2024-05-28,12.51,13.44,12.36,12.92
2024-05-29,13.75,14.32,13.69,14.28
2024-05-30,14.82,14.88,13.67,14.47
2024-05-31,14.5,14.87,12.84,12.92
2024-06-03,13.08,14.31,13.0,13.11
2024-06-04,13.51,14.08,13.11,13.16
2024-06-05,13.14,13.25,12.6,12.63
2024-06-06,12.75,12.98,12.54,12.58
2024-06-07,12.69,13.08,12.11,12.22
2024-06-10,13.09,13.28,12.62,12.74
2024-06-11,12.85,13.47,12.78,12.85
2024-06-12,13.1,13.15,11.94,12.04
2024-06-13,12.05,12.68,11.88,11.94
2024-06-14,12.22,13.45,12.12,12.66
2024-06-17,13.07,13.29,12.5,12.75
2024-06-18,12.7,12.74,12.24,12.3
2024-06-19,12.32,12.55,12.32,12.48
2024-06-20,12.5,13.55,12.18,13.28
2024-06-21,13.22,13.78,12.99,13.2
2024-06-24,13.85,13.88,13.15,13.33
2024-06-25,13.48,13.52,12.84,12.84
2024-06-26,12.81,13.24,12.37,12.55
2024-06-27,12.69,12.77,12.21,12.24
2024-06-28,12.24,12.76,11.87,12.44
2024-07-01,12.98,13.26,12.1,12.22
2024-07-02,12.67,12.88,11.85,12.03
2024-07-03,12.13,12.23,11.95,12.09
2024-07-04,12.1,12.35,12.09,12.26
2024-07-05,12.37,12.61,11.84,12.48
2024-07-08,12.91,12.91,12.31,12.37
2024-07-09,12.48,12.61,12.35,12.51
2024-07-10,12.51,12.92,12.39,12.85
2024-07-11,12.88,13.33,12.23,12.92
2024-07-12,12.87,12.89,12.11,12.46
2024-07-15,12.78,13.26,12.75,13.12
2024-07-16,13.38,13.47,12.95,13.19
2024-07-17,13.6,14.88,13.54,14.48
2024-07-18,14.27,16.43,14.08,15.93
2024-07-19,16.44,17.19,10.62,16.52
2024-07-22,16.79,16.89,14.75,14.91
2024-07-23,15.21,15.35,13.9,14.72
2024-07-24,15.35,18.46,15.18,18.04
2024-07-25,18.41,19.36,16.42,18.46
2024-07-26,17.97,18.05,16.37,16.39
2024-07-29,16.59,17.21,16.23,16.6
2024-07-30,16.64,18.32,16.26,17.69
2024-07-31,16.66,16.77,15.71,16.36
2024-08-01,16.2,19.48,15.95,18.59
2024-08-02,20.52,29.66,20.01,23.39
2024-08-05,23.39,65.73,23.39,38.57
2024-08-06,33.71,34.77,24.02,27.71
2024-08-07,24.77,29.76,21.97,27.85
2024-08-08,28.34,29.47,23.36,23.79
2024-08-09,23.78,24.52,20.26,20.37
2024-08-12,20.79,21.19,18.89,20.71
2024-08-13,20.06,20.79,17.95,18.12
2024-08-14,18.41,18.49,16.12,16.19
2024-08-15,16.27,16.68,14.77,15.23
2024-08-16,15.29,15.76,14.65,14.8
2024-08-19,15.94,16.07,14.46,14.65
2024-08-20,14.89,15.93,14.78,15.88
2024-08-21,16.25,17.17,15.92,16.27
2024-08-22,16.27,18.06,15.76,17.55
2024-08-23,17.12,17.21,15.61,15.86
2024-08-26,16.27,16.67,15.81,16.15
2024-08-27,16.21,16.81,15.37,15.43
2024-08-28,15.51,17.89,15.46,17.11
2024-08-29,16.54,16.57,15.19,15.65
2024-08-30,15.67,16.04,14.78,15.0
2024-09-02,15.87,15.99,15.48,15.55
2024-09-03,15.76,21.99,15.71,20.72
2024-09-04,23.2,23.31,19.34,21.32
2024-09-05,20.75,21.53,19.21,19.9
2024-09-06,21.98,23.76,18.83,22.38
2024-09-09,21.32,21.41,19.29,19.45
2024-09-10,19.86,20.74,18.9,19.08
2024-09-11,19.41,21.41,17.55,17.69
2024-09-12,17.62,18.59,16.89,17.07
2024-09-13,17.03,17.18,16.23,16.56
2024-09-16,17.16,17.69,16.91,17.14
2024-09-17,17.16,18.08,16.67,17.61
2024-09-18,17.58,19.39,17.11,18.23
2024-09-19,17.21,17.27,16.21,16.33
2024-09-20,16.35,16.68,15.81,16.15
2024-09-23,16.71,16.95,15.75,15.89
2024-09-24,15.87,16.67,15.27,15.39
2024-09-25,15.82,15.82,15.17,15.41
2024-09-26,15.06,15.83,14.9,15.37
2024-09-27,15.64,16.97,15.2,16.96
2024-09-30,17.01,17.79,16.47,16.73
2024-10-01,16.96,20.73,16.61,19.26
2024-10-02,19.65,20.36,18.58,18.9
2024-10-03,19.63,20.75,19.16,20.49
2024-10-04,20.48,20.48,18.48,19.21
2024-10-07,20.76,23.03,20.65,22.64
2024-10-08,22.92,23.14,21.14,21.42
2024-10-09,21.98,22.01,20.71,20.86
2024-10-10,20.91,21.39,20.64,20.93
2024-10-11,20.87,21.16,20.14,20.46
2024-10-14,20.86,20.86,19.69,19.7
2024-10-15,19.61,20.89,19.44,20.64
2024-10-16,20.77,21.01,19.45,19.58
2024-10-17,19.55,19.65,18.88,19.11
2024-10-18,19.3,19.32,17.99,18.03
2024-10-21,18.78,19.34,18.36,18.37
2024-10-22,18.79,19.44,18.05,18.2
2024-10-23,18.21,20.47,18.18,19.24
2024-10-24,18.87,20.24,18.63,19.08
2024-10-25,19.22,20.51,18.23,20.33
2024-10-28,19.11,19.88,18.91,19.8
2024-10-29,19.75,20.53,19.06,19.34
2024-10-30,19.33,20.44,19.3,20.35
2024-10-31,21.44,23.42,21.12,23.16
2024-11-01,22.96,23.09,21.16,21.88
2024-11-04,22.5,23.07,21.73,21.98
2024-11-05,21.98,22.06,20.2,20.49
2024-11-06,16.06,16.82,15.44,16.27
2024-11-07,15.86,15.86,15.13,15.2
2024-11-08,15.13,15.33,14.66,14.94
2024-11-11,15.33,15.56,14.89,14.97
2024-11-12,15.09,15.37,14.69,14.71
2024-11-13,15.09,15.26,13.77,14.02
2024-11-14,14.17,14.32,13.59,14.31
2024-11-15,15.02,17.55,14.56,16.14
2024-11-18,16.6,17.0,15.35,15.58
2024-11-19,15.44,17.93,15.37,16.35
2024-11-20,16.19,18.79,16.04,17.16
2024-11-21,17.1,17.99,15.73,16.87
2024-11-22,16.67,17.56,15.24,15.24
2024-11-25,15.23,15.72,14.54,14.6
2024-11-26,14.95,15.03,13.88,14.1
2024-11-27,14.28,15.13,13.96,14.1
2024-11-28,14.07,14.07,13.87,13.9
2024-11-29,14.0,14.15,13.49,13.51
2024-12-02,14.08,14.1,13.3,13.34
2024-12-03,13.38,13.77,13.19,13.3
2024-12-04,13.16,13.61,12.89,13.45
2024-12-05,13.46,13.7,13.26,13.54
2024-12-06,13.62,13.74,12.7,12.77
2024-12-09,13.36,14.23,13.35,14.19
2024-12-10,14.3,14.54,13.86,14.18
2024-12-11,14.42,14.43,13.52,13.58
2024-12-12,13.73,13.95,13.39,13.92
2024-12-13,13.57,14.25,13.24,13.81
2024-12-16,14.37,14.69,13.99,14.69
2024-12-17,14.98,15.94,14.78,15.87
2024-12-18,15.57,28.32,14.82,27.62
2024-12-19,21.61,24.12,20.16,24.09
2024-12-20,24.14,26.51,17.82,18.36
2024-12-23,18.09,20.02,16.74,16.78
2024-12-24,16.97,17.04,14.27,14.27
2024-12-26,14.99,15.93,14.55,14.73
2024-12-27,15.38,18.45,15.29,15.95
2024-12-30,17.21,19.22,16.44,17.4
2024-12-31,17.39,17.81,16.68,17.35
2025-01-02,17.21,19.5,16.96,17.93
2025-01-03,17.66,17.94,16.11,16.13
2025-01-06,16.77,16.87,15.71,16.04
2025-01-07,16.48,18.9,15.79,17.82
2025-01-08,17.91,19.5,17.37,17.7
2025-01-09,18.51,18.52,17.95,18.07
2025-01-10,18.29,20.31,18.05,19.54
2025-01-13,21.18,22.04,19.15,19.19
2025-01-14,18.79,19.66,18.24,18.71
2025-01-15,19.08,19.14,15.96,16.12
2025-01-16,15.87,16.6,15.64,16.6
2025-01-17,16.19,16.23,15.53,15.97
2025-01-20,16.46,16.59,15.8,15.81
2025-01-21,16.29,16.29,14.93,15.06
2025-01-22,14.89,15.29,14.59,15.1
2025-01-23,15.28,15.39,14.59,15.02
2025-01-24,15.02,15.16,14.58,14.85
2025-01-27,18.83,22.51,17.57,17.9
2025-01-28,18.29,18.39,16.25,16.41
2025-01-29,16.42,18.08,16.17,16.56
2025-01-30,15.93,16.42,15.32,15.84
2025-01-31,15.45,17.09,14.9,16.43
2025-02-03,20.36,20.42,17.66,18.62
2025-02-04,18.78,19.11,16.78,17.21
2025-02-05,17.54,17.75,15.77,15.77
2025-02-06,15.88,16.15,14.99,15.5
2025-02-07,15.38,16.66,14.79,16.54
2025-02-10,16.58,16.61,15.7,15.81
2025-02-11,16.13,16.42,15.75,16.02
2025-02-12,15.91,17.18,15.64,15.89
2025-02-13,15.97,16.33,14.98,15.1
2025-02-14,15.08,15.42,14.74,14.77
2025-02-17,15.38,15.57,15.34,15.37
2025-02-18,15.57,16.03,15.35,15.35
2025-02-19,15.14,15.96,15.05,15.27
2025-02-20,15.61,16.63,15.12,15.66
2025-02-21,15.63,19.03,15.28,18.21
2025-02-24,18.08,20.24,17.31,18.98
2025-02-25,19.09,21.48,18.85,19.43
2025-02-26,18.96,20.06,17.83,19.1
2025-02-27,18.25,21.47,17.67,21.13
2025-02-28,21.21,22.4,19.05,19.63
2025-03-03,19.83,24.31,19.25,22.78
2025-03-04,22.96,26.35,21.71,23.51
2025-03-05,23.03,24.84,21.37,21.93
2025-03-06,22.6,25.92,22.39,24.87
2025-03-07,24.85,26.56,23.09,23.37
2025-03-10,24.7,29.56,24.68,27.86
2025-03-11,27.94,29.57,26.18,26.92
2025-03-12,26.88,26.91,23.89,24.23
2025-03-13,24.92,26.13,23.46,24.66
2025-03-14,24.35,24.36,21.48,21.77
